id,link,title,sender,recipient,year,description,place,date,sentLocation,receivedLocation,senderLat,senderLng,receiverLat,receiverLng
pera0123,http://129.7.224.3/omeka-2.6.1/items/show/1701,"Envelope addressed to Mr. Alonso S. Perales, postmarked 30 May 1924",[Unknown],"Perales, Alonso S.",1924,"Envelope addressed to Mr. Alonso S. Perales from an unknown sender at the Supreme Court of Texas in Austin, Texas, postmarked 30 May 1924. Handwritten note says ""Not at above address."" ",,5/30/24,"Austin, TX","San Antonio, TX",30.276273,-97.7412794,29.42662879,-98.4923065
pera0124,http://129.7.224.3/omeka-2.6.1/items/show/1702,"Envelope addressed to Mr. Alonso S. Perales, postmarked 9 April 1925",[Unknown],"Perales, Alonso S.",1925,"Envelope addressed to Mr. Alonso S. Perales from an unknown sender at the Supreme Court of Texas in Austin, Texas, postmarked 9 April 1925.",,4/9/25,"Austin, TX","San Antonio, TX",30.276273,-97.7412794,29.42662879,-98.4923065
pera0126,http://129.7.224.3/omeka-2.6.1/items/show/1704,"Envelope addressed to Mr. Alonso S. Perales, postmarked 17 June 1925",[Unknown],"Perales, Alonso S.",1925,"Envelope addressed to Mr. Alonso S. Perales, from the law office of Goggans and Allison in Breckenridge, Texas, postmarked 17 June 1925. ",,6/17/25,"Breckenridge, TX","San Antonio, TX",32.755677,-98.90229,29.42662879,-98.4923065
pera0127,http://129.7.224.3/omeka-2.6.1/items/show/1705,"Envelope addressed to Mr. Alonso S. Perales c/o [care of] Latin-American Division, postmarked 6 July 1925",[Unknown],"Perales, Alonso S.",1925,"Envelope addressed to Mr. Alonso S. Perales, c/o [care of] the Washington DC Latin-American Division, from an unknown sender at the Supreme Court of Texas in Austin, Texas, postmarked 6 July 1925.  ",,7/6/25,"Austin, TX","Washington, DC",30.276273,-97.7412794,38.8946375,-77.0484716
pera0128,http://129.7.224.3/omeka-2.6.1/items/show/1706,"Envelope addressed to Mr. and Mrs. Alonso S. Perales, postmarked 14 December 1931",[Unknown],"Perales, Alonso S.",1931,"Envelope addressed to Alonso S. Perales and Marta Perez de Perales from an unknown sender in Balboa Heights, Panama, postmarked 14 December 1931.  ",,12/14/31,"Balboa Heights, Panama","San Antonio, TX",8.965322,-79.5441549,29.446,-98.48961
pera0130,http://129.7.224.3/omeka-2.6.1/items/show/1708,"Envelope addressed to Mr. and Mrs. Alonso S. Perales, postmarked 23 December 1931",[Unknown],"Perales, Alonso S.",1931,"Envelope addressed to Alonso S. Perales and Marta Perez de Perales, from an unknown sender in Brownsville, Texas, postmarked 23 December 1931.  ",,12/23/31,"Brownsville, TX","San Antonio, TX",25.901747,-97.497482,29.42430583,-98.49188447
pera0131,http://129.7.224.3/omeka-2.6.1/items/show/1709,"Envelope addressed to Sr. Lic. [Senior Licenciado/Mr. Esq.] Alonso S. Perales, postmarked 20 March 1934",[Unknown],"Perales, Alonso S.",1934,"Envelope addressed to Sr. Lic. [Senior Licenciado/Mr. Esq.] Alonso S. Perales from an unknown sender at San Felipe High School in Del Rio, Texas, postmarked 20 March 1934.  ",,3/20/34,"Del Rio, TX","San Antonio, TX",29.358182,-100.881388,29.42662879,-98.4923065
pera0133,http://129.7.224.3/omeka-2.6.1/items/show/1711,"Envelope addressed to Senor Lic. [Licenciado/Esq.] [Alonso S]. Perales, postmarked 22 September 1934",[Unknown],"Perales, Alonso S.",1934,"Envelope addressed to Senor Lic. [Licenciado/Esq.] Alonso S. Perales from an unknown sender at St. Mary's Church in Charlotte, Texas, postmarked 22 September 1934.  ",,9/22/34,"Charlotte, TX","San Antonio, TX",28.861109,-98.706154,29.42662879,-98.4923065
pera0136,http://129.7.224.3/omeka-2.6.1/items/show/1714,"Envelope addressed to Mr. Alonso S. Perales, Atty [Attorney] Law /Davis Wright & Perales postmarked 13 October 1936",[Unknown],"Perales, Alonso S.",1936,"Envelope addressed to Alonso S. Perales Mr. Alonso S. Perales, Atty [Attorney] Law /Davis Wright & Perales from an unknown sender at the L.U.L.A.C. Ladies Council, chapter number 15 in Laredo, Texas, postmarked 13 October 1936.  ",,10/13/36,"Laredo, TX","San Antonio, TX",27.5071208,-99.5069945,29.42662879,-98.4923065
pera0137,http://129.7.224.3/omeka-2.6.1/items/show/1715,"Envelope addressed to Alonzo [Alonso] S. Perales, postmarked 16 October 1936",[Unknown],"Perales, Alonso S.",1936,"Envelope addressed to Alonzo [Alonso] S. Perales from an unknown sender at the Diocese of El Paso, postmarked 16 October 1936. Envelope engraved with an image of Corpus Christi de la Isleta Mission for the Texas Centennial Celebration and Ysleta Celebration. Marked in red for special delivery.  ",,10/16/36,"El Paso, TX","San Antonio, TX",31.7212839,-106.3387846,29.42662879,-98.4923065
pera0138,http://129.7.224.3/omeka-2.6.1/items/show/1716,"Envelope addressed to Mr. Alonso S. Perales, Inspector-General, LULAC Supreme Council, postmarked 14 November 1936",[Unknown],"Perales, Alonso S.",1936,"Envelope addressed to Mr. Alonso S. Perales, Inspector-General, LULAC Supreme Council, from an unknown sender at the LULAC Magnolia Council, chapter number 60, postmarked 14 November 1936.  ",,11/14/36,"Houston, TX","San Antonio, TX",29.737299,-95.286913,29.42662879,-98.4923065
pera0139,http://129.7.224.3/omeka-2.6.1/items/show/1717,"Envelope addressed to Mr. Alonso S. Perales, postmarked 29 July 1937","Carrilles, Adelaida","Perales, Alonso S.",1937,"Envelope addressed to Alonso S. Perales from Mrs. Ben Garza [Adelaida Carrilles] in Corpus Christi, Texas, postmarked 29 July 1937.  ",,7/29/37,"Corpus Christi, TX","San Antonio, TX",27.7929465,-97.4011559,29.42662879,-98.4923065
pera0141,http://129.7.224.3/omeka-2.6.1/items/show/1719,"Envelope addressed to Sr. [Mr.] Alonso S. Perales, postmarked 30 May 1939","Zapata, Candelario","Perales, Alonso S.",1939,"Envelope addressed to Sr. [Mr.] Alonso S. Perales from Candelario Zapata in Beeville, Texas, postmarked 30 May 1939.  ",,5/30/39,"Beeville, TX","San Antonio, TX",28.40471,-97.750882,29.42662879,-98.4923065
pera0142,http://129.7.224.3/omeka-2.6.1/items/show/1720,"Envelope addressed to Sr. Lic. [Senor Licenciado/Mr. Esq.] Alonso S. Perales, postmarked 6 June 1939","Basanez, L.","Perales, Alonso S.",1939,"Envelope addressed to Sr. Lic. [Senor Licenciado/Mr. Esq.] Alonso S. Perales from Dr. L. Basanez in Mercedes, Texas, postmarked 6 June 1939.  ",,6/6/39,"Mercedes, TX","San Antonio, TX",26.14774,-97.912173,29.42662879,-98.4923065
pera0145,http://129.7.224.3/omeka-2.6.1/items/show/1723,"Envelope addressed to Sr. [Senor/Mr.] A. [Alonso] S. Perales, postmarked 17 August 1939","Munguia, Manuel","Perales, Alonso S.",1939,"Envelope addressed to Sr. [Senor/Mr.] A.[Alonso] S. Perales from Manuel Munguia in Benavides, Texas, postmarked 17 August 1939. ",,8/17/39,"Benavides, TX","San Antonio, TX",27.599838,-98.409353,29.42662879,-98.4923065
pera0146,http://129.7.224.3/omeka-2.6.1/items/show/1724,"Envelope addressed to Mr. Alonzo [Alonso] S. Perales c/o [care of] Mexican Chamber of Commerce, postmarked 23 August 1939","Canalez, G.R.","Perales, Alonso S.",1939,"Envelope addressed to Mr. Alonzo [Alonso] S. Perales c/o [care of] the Mexican Chamber of Commerce, from G.R. Canalez in Phoenix, Arizona, postmarked 23 August 1939.  ",,8/23/39,"Phoenix, AZ","San Antonio, TX",33.44004175,-112.0713968,29.42662879,-98.4923065
pera0147,http://129.7.224.3/omeka-2.6.1/items/show/1725,"Envelope addressed to Sr. [Senior/Mr.] Alonzo [Alonso] S. Perales, postmarked 3 July 1939","Camacho, J.A.","Perales, Alonso S.",1939,"Envelope addressed to Alonso S. Perales from J.A. Camacho in Victoria, Texas, postmarked 3 July 1939.  ",,7/3/39,"Victoria, TX","San Antonio, TX",28.7959931,-97.0110123,29.42662879,-98.4923065
pera0148,http://129.7.224.3/omeka-2.6.1/items/show/1726,"Envelope addressed to Mr. and Mrs. Alonso S. Perales, postmarked 5 September 1939","Bramble, Charlene","Perales, Alonso S.",1939,"Envelope addressed to Alonso S. Perales and Marta Perez de Perales from Charlene Bramble in Napa, California, postmarked 5 September 1939.  ",,9/5/39,"Napa, CA","San Antonio, TX",38.29591663,-122.2884831,29.44732378,-98.49567741
pera0149,http://129.7.224.3/omeka-2.6.1/items/show/1727,"Envelope addressed to Mr. Alonzo [Alonso] S. Perales, postmarked 8 September 1939",[Unknown],"Perales, Alonso S.",1939,"Envelope addressed to Mr. Alonzo [Alonso] S. Perales from an unknown sender at the Federal Works Agency_Works Projects Administration in Washington D.C., postmarked 8 September 1939. Marked official business.  ",,9/8/39,"Washington, DC","San Antonio, TX",38.89601411,-77.04080562,29.42662879,-98.4923065
pera0150,http://129.7.224.3/omeka-2.6.1/items/show/1728,"Envelope addressed to Hon. [Honorable] Alonso S. Perales, Consul General of Nicaragua, postmarked 16 September 1939","Wallace, Herbert F.","Perales, Alonso S.",1939,"Envelope addressed to Hon. [Honorable] Alonso S. Perales, Consul General of Nicaragua, from Herbert F. Wallace in Winthrop, Massachusetts, postmarked 16 September 1939.  ",,9/16/39,"Winthrop, MA","San Antonio, TX",42.3846939,-70.9727294,29.42662879,-98.4923065
pera0152,http://129.7.224.3/omeka-2.6.1/items/show/1730,"Envelope addressed to Lic. [Licenciado/Esq.] Alonso S. Perales, postmarked 30 September 1939","Perez, Julio","Perales, Alonso S.",1939,"Envelope addressed to Alonso S. Perales from Julio Perez in Dilley, Texas, postmarked 30 September 1939.  ",,9/30/39,"Dilley, TX","San Antonio, TX",28.66895,-99.169158,29.42662879,-98.4923065
pera0153,http://129.7.224.3/omeka-2.6.1/items/show/1731,"Envelope addressed to H [Honorable] Alonso S. Perales,Att [Attorney] at Law, postmarked 2 October 1939","Ramirez, Oswaldo V.","Perales, Alonso S.",1939,"Envelope addressed to H [Honorable] [Alonso] S. Perales from Oswaldo V. Ramirez in Mission, Texas, postmarked 2 October 1939. Damaged envelope (tear on recto).  ",,10/2/39,"Mission, TX","San Antonio, TX",26.23077107,-98.32217359,29.42662879,-98.4923065
pera0156,http://129.7.224.3/omeka-2.6.1/items/show/1734,"Envelope addressed to Mr. Alonzo [Alonso] S. Perales, Esq., Attorney at Law, postmarked 12 October 1939","Hamilton, John J.","Perales, Alonso S.",1939,"Envelope addressed to Mr. Alonzo [Alonso] S. Perales, Esq., Attorney at Law, from John J. Hamilton, postmarked 12 October 1939 in Washington, D.C.  ",,10/12/39,"Washington, DC","San Antonio, TX",38.8975248,-77.04215346,29.42662879,-98.4923065
pera0160,http://129.7.224.3/omeka-2.6.1/items/show/1738,"Envelope addressed to Sr. Lic. [Senior Licenciado/Mr. Esq.] Alonzo [Alonso] S. Perales, postmarked 3 November 1939","Jimenez, Cristino","Perales, Alonso S.",1939,"Envelope addressed to Sr. Lic. [Senior Licenciado/Mr. Esq.] Alonzo [Alonso] S. Perales, from Cristino Jimenez in Benavides, Texas, postmarked 3 November 1939.  ",,11/3/39,"Benavides, TX","San Antonio, TX",27.599838,-98.409353,29.42662879,-98.4923065
pera0162,http://129.7.224.3/omeka-2.6.1/items/show/1740,"Envelope addressed to Mr. Alonso S. Perales, postmarked 9 November 1939","Perales, L.S.","Perales, Alonso S.",1939,"Envelope addressed to Mr. Alonso S. Perales from L.S. Perales in Laredo, Texas, postmarked 9 November 1939.  ",,11/9/39,"Laredo, TX","San Antonio, TX",27.516432,-99.512085,29.42662879,-98.4923065
pera0167,http://129.7.224.3/omeka-2.6.1/items/show/1745,"Envelope addressed to Lic. Sr. [Licenciado Senor/Esq. Mr.] Alonso S. Perales, Director de la Liga de Americanos Leales [League of Loyal American Citizens] postmarked 9 October 1940","Acosta, F.S.","Perales, Alonso S.",1940,"Envelope addressed to Lic. Sr. [Licenciado Senor/Esq. Mr.] Alonso S. Perales, Director de la Liga de Americanos Leales [League of Loyal American Citizens/corrected: League of Loyal Citizens], from F.S. Acosta in Mercedes, Texas, postmarked 9 October 1940. Right side of envelope is damaged, obscuring the ""s"" in ""Leales.""  ",,10/9/40,"Mercedes, TX","San Antonio, TX",26.154951,-97.91391,29.42662879,-98.4923065
pera0172,http://129.7.224.3/omeka-2.6.1/items/show/1750,"Envelope addressed to Lic. [Licenciado/Esq.] Alonso S. Perales, postmarked 15 September 1941","Salinas, Daniel","Perales, Alonso S.",1941,"Envelope addressed to Lic. [Licenciado/Esq.] Alonso S. Perales from Lieutenant Daniel Salinas from Philadelphia, Pennsylvania, postmarked 15 September 1941.  ",,9/15/41,"Philadelphia, PA","San Antonio, TX",39.95523269,-75.21301349,29.42662879,-98.4923065
pera0173,http://129.7.224.3/omeka-2.6.1/items/show/1751,"Envelope addressed to Sr. Lic. [Senor Licenciado/Mr. Esq.] Alonzo [Alonso] S. Perales, postmarked 28 September 1941","Gonzalez, Francisco","Perales, Alonso S.",1941,"Envelope addressed to Sr. Lic. [Senor Licenciado/Mr. Esq.] Alonzo [Alonso] S. Perales from Francisco Gonzalez in Hamlin, Texas, postmarked 28 September 1941.  ",,9/28/41,"Hamlin, TX","San Antonio, TX",32.88483,-100.126491,29.42662879,-98.4923065
pera0175,http://129.7.224.3/omeka-2.6.1/items/show/1753,"Envelope addressed to Mr. Alonso S. Perales, postmarked 3 November 1941",[Unknown],"Perales, Alonso S.",1941,"Envelope addressed to Mr. Alonso S. Perales from an unknown sender at the office of the Under Secretary of the State in Washington, D.C., postmarked 3 November 1941.  ",,11/3/41,"Washington, DC","San Antonio, TX",38.8946375,-77.0484716,29.42662879,-98.4923065
pera0176,http://129.7.224.3/omeka-2.6.1/items/show/1754,"Envelope addressed to Mr. Alonso S. Perales, postmarked 19 January 1942",[Unknown],"Perales, Alonso S.",1942,"Envelope addressed to Mr. Alonso S. Perales from an unknown sender in Washington, D.C., postmarked 19 January 1942.  ",,1/19/42,"Washington, DC","San Antonio, TX",38.912811,-77.048434,29.42662879,-98.4923065
pera0177,http://129.7.224.3/omeka-2.6.1/items/show/1755,"Envelope addressed to Mr. Alonzo [Alonso] S. Perales, Attorney at Law, postmarked 27 January 1942","Brown, A.W.","Perales, Alonso S.",1942,"Envelope addressed to Mr. Alonzo [Alonso] S. Perales, Attorney at Law, from Major General, A.W. Brown, R.T.D. [Returned to Duty], in Washington, D.C., postmarked 27 January 1942.  ",,1/27/42,"Washington, DC","San Antonio, TX",38.974239,-77.065546,29.42662879,-98.4923065
pera0179,http://129.7.224.3/omeka-2.6.1/items/show/1757,"Envelope addressed to Sr. [Mr.] Alonso S. Perales, postmarked 1 April 1942","Parupen, M.L.","Perales, Alonso S.",1942,"Envelope addressed to Sr. [Mr.] Alonso S. Perales from M.L. Vda. de Parupen [M.L. viuda de Parupen/ M.L. widow of Parupen] in Mexico City, postmarked 1 April 1942.  ",,4/1/42,"Mexico City, MX","San Antonio, TX",19.432608,-99.133209,29.42662879,-98.4923065
pera0181,http://129.7.224.3/omeka-2.6.1/items/show/1759,"Envelope addressed to Mr. Alonso S. Perales, postmarked 29 August 1942, with censor handwritten on recto",[Unknown],"Perales, Alonso S.",1942,"Envelope addressed to Mr. Alonso S. Perales from an unknown sender in St. Petersburg, Florida, postmarked 29 August 1942. The word ""censor"" is handwritten in pencil on envelope recto.  ",,8/29/42,"Saint Petersburg, FL","San Antonio, TX",27.77207,-82.638489,29.42662879,-98.4923065
pera0183,http://129.7.224.3/omeka-2.6.1/items/show/1761,"Envelope addressed to Mr. Alonso S. Perales, postmarked 26 October 1942",[Unknown],"Perales, Alonso S.",1942,"Envelope addressed to Mr. Alonso S. Perales from an unknown sender in the Office of the Naval Officer Procurement in New Orleans, Louisiana, postmarked 26 October 1942. Marked official business.  ",,10/26/42,"New Orleans, LA","San Antonio, TX",29.9511946,-90.0686893,29.42662879,-98.4923065
pera0184,http://129.7.224.3/omeka-2.6.1/items/show/1762,"Envelope addressed to Mr. Alonso S. Perales, postmarked 18 February 1943","Sanchez , George I.","Perales, Alonso S.",1943,"Envelope addressed to Mr. Alonso S. Perales from George I. Sanchez in the History and Philosophy of Education department at the University of Texas in Austin, Texas, postmarked 18 February 1943.  ",,2/18/43,"Austin, TX","San Antonio, TX",30.2860678,-97.73933709,29.42662879,-98.4923065
pera0185,http://129.7.224.3/omeka-2.6.1/items/show/1763,"Envelope addressed to Mr. Alonso S. Perales, postmarked 13 March 1943","Williamson, W. Albert","Perales, Alonso S.",1943,"Envelope addressed to Mr. Alonso S. Perales from W. A. [Albert] Williamson of the Texas House of Representatives in Austin, Texas, postmarked 13 March 1943.  ",,3/13/43,"Austin, TX","San Antonio, TX",30.27460689,-97.74035096,29.42662879,-98.4923065
pera0186,http://129.7.224.3/omeka-2.6.1/items/show/1764,"Envelope addressed to Mr. Alonso Perales, postmarked 31 March 1945",[Unknown],"Perales, Alonso S.",1945,"Envelope addressed to Mr. Alonso Perales [Alonso S. Perales] from an unknown sender in Mexico, postmarked 31 March 1943. City and state of origin are unknown.  ",,3/31/45,"Mexico City, MX","San Antonio, TX",19.4319679,-99.1334172,29.42662879,-98.4923065
pera0188,http://129.7.224.3/omeka-2.6.1/items/show/1766,"Envelope addressed to Mr. & Mrs. Alonso S. Perales, postmarked 16 September 1943","Hinojosa, Tomas","Perales, Alonso S.",1943,"Envelope addressed to Alonso S. Perales and Marta Perez de Perales from Tomas Hinojosa at Jose A. Montemayor e Hijos Forwarding Agents in Nuevo Laredo, Tamaulipas, Mexico, postmarked 16 September 1943. Envelope engraved with images of the Warehouse and Office ""Montemayor Building,"" Missouri-Pacific Lines Yards in Laredo, Texas.  ",,9/16/43,"Laredo, TX","San Antonio, TX",27.50353411,-99.51574367,29.44732378,-98.49567741
pera0189,http://129.7.224.3/omeka-2.6.1/items/show/1767,"Envelope addressed to Mr. Alonso S. Perales, postmarked 12 May 1927",[Unknown],"Perales, Alonso S.",1927,"Envelope addressed to Mr. Alonso S. Perales from an unknown sender in Fremont, California, postmarked 12 May 1927. Envelope contains a handwritten list on the back, as well as marginalia on the front, including shorthand on the lower left corner. This envelope cannot be definitively matched to any of the letters in the Alonso S. Perales Collection.",,5/12/27,"Freemont, CA","Washington, DC",37.552329,-121.983005,38.901631,-77.043842
pera0190,http://129.7.224.3/omeka-2.6.1/items/show/1768,"Envelope addressed to A. [Alonso] S. Perales, postmarked 15 October 1943","[Lozano, Mr. & Mrs. S.V.]","Perales, Alonso S.",1943,"Envelope addressed to A. [Alonso] S. Perales from Mr. & Mrs. S.V. Lozano in Raymondville, Texas, postmarked 15 October 1943.  ",,10/15/43,"Raymondville, TX","San Antonio, TX",26.481495,-97.782585,29.44732378,-98.49567741
pera0192,http://129.7.224.3/omeka-2.6.1/items/show/1770,"Envelope addressed to Sr. Alonso S. Perales, Consul General de Nicaragua, postmarked 1 November 1943",[Unknown],"Perales, Alonso S.",1943,"Envelope addressed to Sr. Alonso S. Perales, Consul General de Nicaragua, from an unknown sender in the Nicaraguan Ministerio de Relaciones Exteriores [Department of Foreign Relations], postmarked 1 November 1943.  ",,11/1/43,"Managua, NI","San Antonio, TX",12.15322307,-86.26387366,29.42662879,-98.4923065
pera0193,http://129.7.224.3/omeka-2.6.1/items/show/1771,"Envelope addressed to League of Loyal Latin Americans, Alonso S. Perales, postmarked 14 April 1944",[Unknown],"Perales, Alonso S.",1944,"Envelope addressed to League of Loyal Latin Americans, Alonso S. Perales from the Coordinator of the Inter-American Affairs in Washington, D.C., postmarked 14 April 1944. Handwritten across the envelope is written ""WILLES' LETTER APRIL- 1944."" An address for Anita Brenner is handwritten across the envelope.  ",,4/14/44,"Washington, DC","San Antonio, TX",38.8929331,-77.0327982,29.42662879,-98.4923065
pera0194,http://129.7.224.3/omeka-2.6.1/items/show/1772,"Envelope addressed to Sr. [Mr.] Lic. [Licenciado/Esq.] Alonso S. Perales, postmarked 31 January 1945",[Unknown],"Perales, Alonso S.",1945,"Envelope addressed to Sr. [Mr.] Lic. [Licenciado/Esq.] Alonso S. Perales from an unknown sender in McAllen, Texas, postmarked 31 January 1945. Engraved return business name for Valley Bridge Company in Hidalgo, Texas is typed over. Handwritten across the envelope in pencil is: ""Answered 2-5-45.""  ",,1/31/45,"McAllen, TX","San Antonio, TX",26.196555,-98.234796,29.42662879,-98.4923065
pera0196,http://129.7.224.3/omeka-2.6.1/items/show/1774,"Envelope addressed to Consulado General de la Republica de Nicaragua [Consul General of the Republic of Nicaragua, Alonso S. Perales], postmarked 20 April 1945","Salas. M., Cesar A.","Perales, Alonso S.",1945,"Envelope addressed to Consulado General de la Republica de Nicaragua [Consul General of the Republic of Nicaragua, Alonso S. Perales] from Cesar A. Salas M. in Austin, Texas, postmarked 20 April 1945.  ",,4/20/45,"Austin, TX","San Antonio, TX",30.291889,-97.737815,29.42662879,-98.4923065
pera0197,http://129.7.224.3/omeka-2.6.1/items/show/1775,"Envelope addressed to Alonso S. Perales, Esq., postmarked 26 August 1945","Romulo, Carlos P.","Perales, Alonso S.",1945,"Envelope addressed to Alonso S. Perales, Esq., from Carlos P. Romulo, the Resident Commissioner of the Phillippines to the United States in Washington, D.C., postmarked 26 August 1945.  ",,8/6/45,"Washington, DC","San Antonio, TX",38.88976162,-77.00912717,29.42662879,-98.4923065
pera0200,http://129.7.224.3/omeka-2.6.1/items/show/1778,"Envelope addressed to Sr. [Mr.] Lic. [Licenciado/Esq.] Alonso S. Perales, postmarked 11 October 1945","Zuniga, Josse","Perales, Alonso S.",1945,"Envelope addressed to Alonso S. Perales from Josse Zuniga in Schertz, Texas, postmarked 11 October 1945. Scratched out in pencil: c/o [care of] Sr. [Mr.] Ignacio E. Lozano.  ",,10/11/45,"Schertz, TX","San Antonio, TX",29.564925,-98.270124,29.42662879,-98.4923065
pera0202,http://129.7.224.3/omeka-2.6.1/items/show/1780,"Envelope addressed to Sr. [Mr.] Consul de Nicaragua [Consul of Nicaragua] Dn. [don] Alonso S. Perales, postmarked 5 February 1948",[Unknown],"Perales, Alonso S.",1948,"Envelope addressed to Consul de Nicaragua [Consul of Nicaragua] Dn. [don] Alonso S. Perales from an unknown sender at the Embajada de Nicaragua [Nicaraguan Embassy] in Washington, D.C., postmarked 5 February 1948. A stamp across the front reads, ""Diplomatic Correspondence Air Mail.""  ",,2/5/48,"Washington, DC","San Antonio, TX",38.912361,-77.040495,29.42662879,-98.4923065
pera0203,http://129.7.224.3/omeka-2.6.1/items/show/1781,"Envelope addressed to Sr. [Mr.] Lic. [Licenciado/Esq.] Alonso S. Perales, postmarked 9 July 1948","Trueba U., Isidoro","Perales, Alonso S.",1948,"Envelope addressed to Sr. [Mr.] Lic. [Licenciado/Esq.] Alonso S. Perales from Rte. [Remitente/sender] Isidoro Trueva U. from Mexico City, postmarked 9 July 1948.  ",,7/19/48,"Mexico City, MX","San Antonio, TX",19.4322048,-99.137047,29.426278,-98.487113
pera0204,http://129.7.224.3/omeka-2.6.1/items/show/1782,"Envelope addressed to Mr. Alonso S. Perales, postmarked 11 October 1948","Danciger, Jack","Perales, Alonso S.",1948,"Envelope addressed to Mr. Alonso S. Perales from Jack Danciger from Forth Worth, Texas, postmarked 11 October 1948. Written across the front of the envelope are the words: ""Danciger file"" and ""Personal."" This envelope cannot be definitively matched to any of the letters in the Alonso S. Perales Collection.",,10/11/48,"Fort Worth, TX","San Antonio, TX",32.777728,-97.368051,29.426278,-98.487113
pera0205,http://129.7.224.3/omeka-2.6.1/items/show/1783,"Envelope addressed to Mr. Alonso S. Perales, postmarked 24 February 1949","[Penrose, Neville G.]","Perales, Alonso S.",1949,"Envelope addressed to Mr. Alonso S. Perales from an unknown sender at the Good Neighbor Commission of Texas in Austin, Texas, postmarked 24 February 1949. Written across the front of the envelope are the words ""Mr. Penrosa file."" This note suggests that the letter may have been sent by chairman of the Good Neighbor Commission, Neville G. Penrose.  ",,2/24/49,"Austin, TX","San Antonio, TX",30.2642643,-97.7475016,29.426278,-98.487113
pera0206,http://129.7.224.3/omeka-2.6.1/items/show/1784,"Envelope addressed to Mr. Alonso S. Perales, postmarked 1 May 1949","Leal, Armando","Perales, Alonso S.",1949,"Envelope addressed to Mr. Alonso S. Perales from Armando Leal in Concepcion, Texas, postmarked 1 May 1949.  ",,5/1/49,"Concepcion, TX","San Antonio, TX",27.3955989,-98.3521336,29.42662879,-98.4923065
pera0207,http://129.7.224.3/omeka-2.6.1/items/show/1785,"Envelope addressed to Mr. Alonso S. Perales, postmarked 18 February 1950","Canales, J.T. [Jose Tomas]","Perales, Alonso S.",1950,"Envelope addressed to Mr. Alonso S. Perales from J.T. [Jose Tomas] Canales in Brownsville, Texas, postmarked 18 February 1950. Written across the front of the envelope is ""Canales file"" and the note ""Compadre: Favor de leer esta carta, Perales."" [Friend: Please read this letter, Perales]  ",,2/18/50,"Brownsville, TX","San Antonio, TX",25.904526,-97.504332,29.426278,-98.487113
pera0208,http://129.7.224.3/omeka-2.6.1/items/show/1786,Envelope addressed to Alonso S. Perales,[Unknown],"Perales, Alonso S.",1951,"Envelope addressed to Alonso S. Perales from an unknown sender in St. Louis, Missouri. Envelope is marked as containing merchandise.",,5/5/09,"Saint Louis, MO","San Antonio, TX",38.627631,-90.199087,29.426278,-98.487113
pera0210,http://129.7.224.3/omeka-2.6.1/items/show/1788,"Envelope addressed to Mr. Alonso S. Perales, postmarked 22 February 1951","Contreras, H.H.","Perales, Alonso S.",1951,"Envelope addressed to Mr. Alonso S. Perales from H.H. Contreras in Rio Grande City, Texas, postmarked 22 February 1951. Handwritten on the front of the envelope is ""(First class mail).""  ",,2/22/51,"Rio Grande City, TX","San Antonio, TX",26.378012,-98.817824,29.426278,-98.487113
pera0212,http://129.7.224.3/omeka-2.6.1/items/show/1790,"Envelope addressed to Mr. Alonso S. Perales, postmarked 29 June 1951",[Unknown],"Perales, Alonso S.",1951,"Envelope addressed to Mr. Alonso S. Perales from an unknown sender at the Texas Council on Human Relations at the University of Texas in Austin, Texas, postmarked 29 June 1951.  ",,6/29/51,"Austin, TX","San Antonio, TX",30.2860678,-97.73933709,29.426278,-98.487113
pera0213,http://129.7.224.3/omeka-2.6.1/items/show/1791,"Envelope addressed to Mr. Alonso S. Perales, postmarked 19 December 1951",[Unknown],"Perales, Alonso S.",1951,"Envelope addressed to Mr. Alonso S. Perales from an unknown sender at the Law Offices of Raymond, Algee, Alvarado, Kazen, & Woods in Laredo, Texas, postmarked 19 December 1951.  ",,12/19/51,"Laredo, TX","San Antonio, TX",27.5071208,-99.5069945,29.426278,-98.487113
pera0215,http://129.7.224.3/omeka-2.6.1/items/show/1793,"Envelope addressed to Mr. Alonso S. Perales, postmarked 19 March 1952","Golatka, Walter F.","Perales, Alonso S.",1952,"Envelope addressed to Mr. Alonso S. Perales from Reverend Walter F. Golatka, S.M. at Chaminade College in Clayton 24, Missouri, postmarked 19 March 1952.  ",,3/19/52,"Clayton, MO","San Antonio, TX",38.65023754,-90.40564548,29.44732378,-98.49567741
pera0216,http://129.7.224.3/omeka-2.6.1/items/show/1794,"Envelope addressed to Hon. [Honorable] Alonso S. Perales, postmarked 21 March 1952",[Unknown],"Perales, Alonso S.",1952,"Envelope addressed to Hon. [Honorable] Alonso S. Perales from an unknown sender at Hoyo, Wideman & Shelton Attorneys at Law in San Antonio, Texas, postmarked 21 March 1952.  ",,3/21/52,"San Antonio, TX","San Antonio, TX",29.4260944,-98.4906657,29.4260944,-98.4906657
pera0217,http://129.7.224.3/omeka-2.6.1/items/show/1795,"Envelope addressed to Honorable Alonso S. Perales, Attorney at Law, postmarked 26 March 1952","Allison, Guy P.","Perales, Alonso S.",1952,"Envelope addressed to Honorable Alonso S. Perales from Honorable Guy P. Allison, Office of Price Stabilization, in San Antonio, Texas, postmarked 26 March 1952.  ",,3/26/52,"San Antonio, TX","San Antonio, TX",29.42315273,-98.49768045,29.426278,-98.487113
pera0218,http://129.7.224.3/omeka-2.6.1/items/show/1796,"Envelope addressed to Attorney Alonzo Perales [Alonso S. Perales], postmarked 28 March 1952","Morales, Dionicio","Perales, Alonso S.",1952,"Envelope addressed to Attorney Alonzo Perales [Alonso S. Perales] from Dionicio Morales in Los Angeles, California, postmarked 28 March 1952.  ",,3/28/52,"Los Angeles, CA","San Antonio, TX",34.0352365,-118.2967717,29.426278,-98.487113
pera0219,http://129.7.224.3/omeka-2.6.1/items/show/1797,"Envelope addressed to Honorable Alonso S. Perales, postmarked 28 March 1952",[Unknown],"Perales, Alonso S.",1952,"Envelope addressed to Honorable Alonso S. Perales from an unknown sender at the Division of Junior and Senior Schools in the San Antonio Independent School District, postmarked 28 March 1952.  ",,3/28/52,"San Antonio, TX","San Antonio, TX",29.4174363,-98.4873755,29.4480877,-98.4954983
pera0220,http://129.7.224.3/omeka-2.6.1/items/show/1798,"Envelope addressed to Mr. Alonso S. Perales, postmarked 30 March 1952",[Unknown],"Perales, Alonso S.",1952,"Envelope addressed to Mr. Alonso S. Perales from an unknown sender at St. Mary's Seminary in Perryville, Missouri, postmarked 30 March 1952.  ",,3/30/52,"Perryville, MO","San Antonio, TX",37.72771,-89.88894,29.426278,-98.487113
pera0221,http://129.7.224.3/omeka-2.6.1/items/show/1799,"Envelope addressed to Lic.[Licenciado/Esq.] Alonso S. Perales, postmarked 30 April 1952","Danciger, Jack","Perales, Alonso S.",1952,"Envelope addressed to Lic.[Licenciado/Esq.] Alonso S. Perales from Jack Daciger in Fort Worth, Texas, postmarked 30 April 1952.  ",,4/30/52,"Fort Worth, TX","San Antonio, TX",32.7530426,-97.3302644,29.426278,-98.487113
pera0222,http://129.7.224.3/omeka-2.6.1/items/show/1800,"Envelope addressed to Mr. Alonzo Perales [Alonso S. Perales], postmarked 30 March 1952",[Unknown],"Perales, Alonso S.",1952,"Envelope addressed to Mr. Alonzo Perales [Alonso S. Perales] from an unknown sender at the Regional Office of the Bishop's Committee for the Spanish Speaking in Austin, Texas, postmarked 30 March 1952.  ",,6/16/52,"Austin, TX","San Antonio, TX",30.25659,-97.72067,29.4263559,-98.4965872
pera0224,http://129.7.224.3/omeka-2.6.1/items/show/1802,"Envelope addressed to the Honorable A.S. Perales [Alonso S. Perales], postmarked 23 February 1953","Olivares, L.","Perales, Alonso S.",1953,"Envelope addressed to the Honorable A.S. Perales [Alonso S. Perales] from L. Olivares in Edinburg, Texas, postmarked 23 February 1953. Marked as Personal.  ",,10/9/53,"Edinburg, TX","San Antonio, TX",26.30255,-98.15784,29.426278,-98.487113
pera0225,http://129.7.224.3/omeka-2.6.1/items/show/1803,"Envelope addressed to Mr. Alonso S. Perales, Consulado General de Nicaragua [Consul General of Nicaragua], postmarked 19 February 1954","Rivas, Enrique J.","Perales, Alonso S.",1954,"Envelope addressed to Mr. Alonso S. Perales, Consulado General de Nicaragua [Consul General of Nicaragua], from Enrique J. Rivas in Managua, Nicaragua, postmarked 19 February 1954. Marked as a special delivery.  ",,2/19/54,"Managua, NI","San Antonio, TX",12.15322307,-86.26387366,29.426278,-98.487113
pera0226,http://129.7.224.3/omeka-2.6.1/items/show/1804,"Envelope addressed to Alonso S. Perales, postmarked 5 May 1954",[Unknown],"Perales, Alonso S.",1954,"Envelope addressed to Alonso S. Perales from an unknown sender at Lozano Grocery and Market in Raymondville, Texas, postmarked 5 May 1954.  ",,5/5/54,"Raymondville, TX","San Antonio, TX",26.4825088,-97.7823286,29.44732378,-98.49567741
pera0227,http://129.7.224.3/omeka-2.6.1/items/show/1805,"Envelope addressed to Mr. A. [Alonso] S. Perales, postmarked 23 July 1954","Austin, R.E.","Perales, Alonso S.",1954,"Envelope addressed to Mr. A. [Alonso] S. Perales at Casa Mexico, from R.E. Austin in Mission, Texas, postmarked 23 July 1954.  ",,7/23/54,"Mission, TX","San Antonio, TX",26.2159066,-98.3252932,29.4263559,-98.4965872
pera0230,http://129.7.224.3/omeka-2.6.1/items/show/1808,"Envelope addressed to Sr. Lic. [Senor Licenciado/Mr. Esq.] Alonso S. Perales, postmarked 18 February 1958",Lic. M.P. Moreno Consulado de Mexico,"Perales, Alonso S.",1958,"Envelope addressed to Sr. Lic. [Senor Licenciado/Mr. Esq.] Alonso S. Perales from Lic. [Licenciado/Esq.] M.P. Moreno, Consulado de Mexico [Mexican Consul] in Dallas, Texas, postmarked 18 February 1958.  ",,2/18/58,"Dallas, TX","San Antonio, TX",32.7796181,-96.8036044,29.426278,-98.487113
pera0231,http://129.7.224.3/omeka-2.6.1/items/show/1809,"Envelope addressed to the Honorable Alonzo [Alonso] S. Perales, Consul General of Nicaragua, postmarked 8 September 1957","Gaithe Jr., Leon D.","Perales, Alonso S.",1957,"Envelope addressed to the Honorable Alonzo [Alonso] S. Perales, Consul General of Nicaragua, from Pfe. [Private First Class] Leon D. Gaithe, Jr. in Fort Bliss, Texas, postmarked 8 September 1957. Marked to be delivered ""via air mail.""  ",,9/8/57,"Fort Bliss, TX","San Antonio, TX",31.8501,-106.3333,29.426278,-98.487113
pera0234,http://129.7.224.3/omeka-2.6.1/items/show/1812,"Envelope addressed to Sr. Lic. [Senior Licenciado/Mr. Esq.] Alonso S. Perales, postmarked 26 May 1958","Moreno, Manuel Pacheco","Perales, Alonso S.",1958,"Envelope addressed to Sr. Lic. [Senior Licenciado/Mr. Esq.] Alonso S. Perales, from Colonel and Attorney, Manuel Pacheco Moreno, at the Universidad Nacional de Mexico and the Procuraduria Militar [Military Attorney General's Office] in Mexico City, postmarked 26 May 1958.  ",,5/21/58,"Mexico City, MX","San Antonio, TX",19.3216047,-99.184905,29.426278,-98.487113
pera0235,http://129.7.224.3/omeka-2.6.1/items/show/1813,"Envelope addressed to Sr. Licenciado [Senior/Mr. Esq.] Alonso S. Perales, postmarked 1 June 1958","Martinez, Benito","Perales, Alonso S.",1958,"Envelope addressed to Sr. Licenciado [Senior/Mr. Esq.] Alonso S. Perales from an unknown Benito Martinez, proprietor of La Fe Furniture Store in Pharr, Texas, postmarked 1 June 1958. This envelope includes an outdated address for Perales and a handwritten note that says, ""Forward to the International Bldg. City.""  ",,6/1/58,"Pharr, TX","San Antonio, TX",26.1947962,-98.1836216,29.426278,-98.487113
pera0239,http://129.7.224.3/omeka-2.6.1/items/show/1816,"Envelope addressed to Sr. Lic. [Mr. Esq. Alonso S.] Perales Sr., postmarked 15 May 1932",[Unknown],"Perales, Alonso S.",1932,"Envelope addressed to Sr. Lic. [Mr. Esq. Alonso S.] Perales Sr. by an unknown sender from Saltillo Coahuila, Mexico, postmarked 15 May 1932. Address is for Csa Mexico ""al otro lado del Teatro Alameda"" [on the other side of the Alameda Theater].",,1932,"Saltillo, Coah., MX","San Antonio, TX",25.4230425,-100.9927509,29.42626,-98.4966
pera0242,http://129.7.224.3/omeka-2.6.1/items/show/1819,"Envelope addressed to Sr. Lic. [Mr. Esq.] Alonso S. Pereales, postmarked 1952","Ibarra, Alfredo M.","Perales, Alonso S.",1952,"Envelope addressed to Sr. Lic. [Mr. Esq.] Alonso S. Perales from Alfredo M. Ibarra in Uvalde, Texas, postmarked 1952.",,1952,"Uvalde, TX","San Antonio, TX",29.2096836,-99.7861679,29.42626,-98.4966
pera0243,http://129.7.224.3/omeka-2.6.1/items/show/1820,"Envelope addressed to Sr. Lic. [Mr. Esq.] Alonso S. Perales, postmarked 12 July 1939","Botello, Adelfa","Perales, Alonso S.",1939,"Envelope addressed to Sr. Lic. [Mr. Esq.] Alonso S. Perales from Adelfa Botello in Millett, Texas, postmarked 12 July 1939.  ",,7/12/39,"La Salle County, TX","San Antonio, TX",28.5819279,-99.1991995,29.44732378,-98.49567741
pera0246,http://129.7.224.3/omeka-2.6.1/items/show/1823,"Envelope addressed to Mr. Alonso S. Perales, postmarked 18 January, unknown year","Guerra, E.S.","Perales, Alonso S.",[Unknown],"Envelope addressed to Mr. Alonso S. Perales, from E. S. Guerra in Seven Sisters, Texas postmarked 18 January, unknown year.  ",,[Unknown],"Seven Sisters, TX","San Antonio, TX",28.0105691,-98.53918,29.42662879,-98.4923065
pera0248,http://129.7.224.3/omeka-2.6.1/items/show/1825,"Envelope addressed to Mr. Alonso S. Perales, postmarked 12 December, unknown year","Fernandez, P.","Perales, Alonso S.",[Unknown],"Envelope addressed to Mr. Alonso S. Perales from P. Fernandez in Victoria, Texas, postmarked 12 December, unknown year.  ",,[Unknown],"Victoria, TX","San Antonio, TX",28.8053536,-97.0066163,29.42662879,-98.4923065